cad_rule_id,rule_id,system_code,cad_task_type,cad_task_description,required_inputs,expected_output,blocking_rfi_condition,source_page,requires_human_review
CAD-001,IB2024-I01-001,LAN,riser,依 1.1.1 資通訊網路垂直主幹光纖化架構 建立 riser 草稿，僅標示需求來源與待確認欄位，不自行決定點位數量或設備位置。,需求書條文、建築平面/昇位底圖、設備清單、系統邊界、整合介面、送審階段,riser 草稿或佐證文件清單，附 rule_id 與 source_page,missing_system_boundary; missing_evidence_document,"14,76",true
CAD-002,IB2024-I01-001,LAN,cable_route,依 1.1.1 資通訊網路垂直主幹光纖化架構 建立 cable_route 草稿，僅標示需求來源與待確認欄位，不自行決定點位數量或設備位置。,需求書條文、建築平面/昇位底圖、設備清單、系統邊界、整合介面、送審階段,cable_route 草稿或佐證文件清單，附 rule_id 與 source_page,missing_system_boundary; missing_evidence_document,"14,76",true
CAD-003,IB2024-I01-001,LAN,evidence_doc,依 1.1.1 資通訊網路垂直主幹光纖化架構 建立 evidence_doc 草稿，僅標示需求來源與待確認欄位，不自行決定點位數量或設備位置。,需求書條文、建築平面/昇位底圖、設備清單、系統邊界、整合介面、送審階段,evidence_doc 草稿或佐證文件清單，附 rule_id 與 source_page,missing_system_boundary; missing_evidence_document,"14,76",true
CAD-004,IB2024-I01-002,LAN,system_diagram,依 1.1.2 水平佈線支援不同系統需求 建立 system_diagram 草稿，僅標示需求來源與待確認欄位，不自行決定點位數量或設備位置。,需求書條文、建築平面/昇位底圖、設備清單、系統邊界、整合介面、送審階段,system_diagram 草稿或佐證文件清單，附 rule_id 與 source_page,missing_scope; missing_system_boundary; missing_equipment_spec,"14,76",true
CAD-005,IB2024-I01-002,LAN,riser,依 1.1.2 水平佈線支援不同系統需求 建立 riser 草稿，僅標示需求來源與待確認欄位，不自行決定點位數量或設備位置。,需求書條文、建築平面/昇位底圖、設備清單、系統邊界、整合介面、送審階段,riser 草稿或佐證文件清單，附 rule_id 與 source_page,missing_scope; missing_system_boundary; missing_equipment_spec,"14,76",true
CAD-006,IB2024-I01-002,LAN,layout,依 1.1.2 水平佈線支援不同系統需求 建立 layout 草稿，僅標示需求來源與待確認欄位，不自行決定點位數量或設備位置。,需求書條文、建築平面/昇位底圖、設備清單、系統邊界、整合介面、送審階段,layout 草稿或佐證文件清單，附 rule_id 與 source_page,missing_scope; missing_system_boundary; missing_equipment_spec,"14,76",true
CAD-007,IB2024-I01-002,LAN,cable_route,依 1.1.2 水平佈線支援不同系統需求 建立 cable_route 草稿，僅標示需求來源與待確認欄位，不自行決定點位數量或設備位置。,需求書條文、建築平面/昇位底圖、設備清單、系統邊界、整合介面、送審階段,cable_route 草稿或佐證文件清單，附 rule_id 與 source_page,missing_scope; missing_system_boundary; missing_equipment_spec,"14,76",true
CAD-008,IB2024-I01-003,TEL,riser,依 1.1.3 公眾行動通信涵蓋 建立 riser 草稿，僅標示需求來源與待確認欄位，不自行決定點位數量或設備位置。,需求書條文、建築平面/昇位底圖、設備清單、系統邊界、整合介面、送審階段,riser 草稿或佐證文件清單，附 rule_id 與 source_page,missing_scope; missing_testing_requirement,"14-15,76-77",true
CAD-009,IB2024-I01-003,TEL,layout,依 1.1.3 公眾行動通信涵蓋 建立 layout 草稿，僅標示需求來源與待確認欄位，不自行決定點位數量或設備位置。,需求書條文、建築平面/昇位底圖、設備清單、系統邊界、整合介面、送審階段,layout 草稿或佐證文件清單，附 rule_id 與 source_page,missing_scope; missing_testing_requirement,"14-15,76-77",true
CAD-010,IB2024-I01-003,TEL,evidence_doc,依 1.1.3 公眾行動通信涵蓋 建立 evidence_doc 草稿，僅標示需求來源與待確認欄位，不自行決定點位數量或設備位置。,需求書條文、建築平面/昇位底圖、設備清單、系統邊界、整合介面、送審階段,evidence_doc 草稿或佐證文件清單，附 rule_id 與 source_page,missing_scope; missing_testing_requirement,"14-15,76-77",true
CAD-011,IB2024-I01-004,LAN,system_diagram,依 1.1.4 無線區域網路 建立 system_diagram 草稿，僅標示需求來源與待確認欄位，不自行決定點位數量或設備位置。,需求書條文、建築平面/昇位底圖、設備清單、系統邊界、整合介面、送審階段,system_diagram 草稿或佐證文件清單，附 rule_id 與 source_page,missing_scope; missing_equipment_spec,"15,77",true
CAD-012,IB2024-I01-004,LAN,layout,依 1.1.4 無線區域網路 建立 layout 草稿，僅標示需求來源與待確認欄位，不自行決定點位數量或設備位置。,需求書條文、建築平面/昇位底圖、設備清單、系統邊界、整合介面、送審階段,layout 草稿或佐證文件清單，附 rule_id 與 source_page,missing_scope; missing_equipment_spec,"15,77",true
CAD-013,IB2024-I01-004,LAN,riser,依 1.1.4 無線區域網路 建立 riser 草稿，僅標示需求來源與待確認欄位，不自行決定點位數量或設備位置。,需求書條文、建築平面/昇位底圖、設備清單、系統邊界、整合介面、送審階段,riser 草稿或佐證文件清單，附 rule_id 與 source_page,missing_scope; missing_equipment_spec,"15,77",true
CAD-014,IB2024-I01-005,LAN,system_diagram,依 1.1.5 無線物聯網網路 建立 system_diagram 草稿，僅標示需求來源與待確認欄位，不自行決定點位數量或設備位置。,需求書條文、建築平面/昇位底圖、設備清單、系統邊界、整合介面、送審階段,system_diagram 草稿或佐證文件清單，附 rule_id 與 source_page,missing_integration_interface; missing_equipment_spec; missing_evidence_document,"15-16,77-78",true
CAD-015,IB2024-I01-005,LAN,layout,依 1.1.5 無線物聯網網路 建立 layout 草稿，僅標示需求來源與待確認欄位，不自行決定點位數量或設備位置。,需求書條文、建築平面/昇位底圖、設備清單、系統邊界、整合介面、送審階段,layout 草稿或佐證文件清單，附 rule_id 與 source_page,missing_integration_interface; missing_equipment_spec; missing_evidence_document,"15-16,77-78",true
CAD-016,IB2024-I01-005,LAN,io_point_schedule,依 1.1.5 無線物聯網網路 建立 io_point_schedule 草稿，僅標示需求來源與待確認欄位，不自行決定點位數量或設備位置。,需求書條文、建築平面/昇位底圖、設備清單、系統邊界、整合介面、送審階段,io_point_schedule 草稿或佐證文件清單，附 rule_id 與 source_page,missing_integration_interface; missing_equipment_spec; missing_evidence_document,"15-16,77-78",true
CAD-017,IB2024-I01-005,LAN,evidence_doc,依 1.1.5 無線物聯網網路 建立 evidence_doc 草稿，僅標示需求來源與待確認欄位，不自行決定點位數量或設備位置。,需求書條文、建築平面/昇位底圖、設備清單、系統邊界、整合介面、送審階段,evidence_doc 草稿或佐證文件清單，附 rule_id 與 source_page,missing_integration_interface; missing_equipment_spec; missing_evidence_document,"15-16,77-78",true
CAD-018,IB2024-I01-006,LAN,system_diagram,依 1.1.6 行動寬頻專用電信網路 建立 system_diagram 草稿，僅標示需求來源與待確認欄位，不自行決定點位數量或設備位置。,需求書條文、建築平面/昇位底圖、設備清單、系統邊界、整合介面、送審階段,system_diagram 草稿或佐證文件清單，附 rule_id 與 source_page,missing_system_boundary; missing_integration_interface,"16,78",true
CAD-019,IB2024-I01-006,LAN,layout,依 1.1.6 行動寬頻專用電信網路 建立 layout 草稿，僅標示需求來源與待確認欄位，不自行決定點位數量或設備位置。,需求書條文、建築平面/昇位底圖、設備清單、系統邊界、整合介面、送審階段,layout 草稿或佐證文件清單，附 rule_id 與 source_page,missing_system_boundary; missing_integration_interface,"16,78",true
CAD-020,IB2024-I01-006,LAN,evidence_doc,依 1.1.6 行動寬頻專用電信網路 建立 evidence_doc 草稿，僅標示需求來源與待確認欄位，不自行決定點位數量或設備位置。,需求書條文、建築平面/昇位底圖、設備清單、系統邊界、整合介面、送審階段,evidence_doc 草稿或佐證文件清單，附 rule_id 與 source_page,missing_system_boundary; missing_integration_interface,"16,78",true
CAD-021,IB2024-I01-007,LAN,device_schedule,依 1.2.1 佈線系統標示與識別 建立 device_schedule 草稿，僅標示需求來源與待確認欄位，不自行決定點位數量或設備位置。,需求書條文、建築平面/昇位底圖、設備清單、系統邊界、整合介面、送審階段,device_schedule 草稿或佐證文件清單，附 rule_id 與 source_page,missing_evidence_document,"16-17,79",true
CAD-022,IB2024-I01-007,LAN,evidence_doc,依 1.2.1 佈線系統標示與識別 建立 evidence_doc 草稿，僅標示需求來源與待確認欄位，不自行決定點位數量或設備位置。,需求書條文、建築平面/昇位底圖、設備清單、系統邊界、整合介面、送審階段,evidence_doc 草稿或佐證文件清單，附 rule_id 與 source_page,missing_evidence_document,"16-17,79",true
CAD-023,IB2024-I01-008,LAN,evidence_doc,依 1.2.2 佈線系統檢測計畫及竣工檢測報告 建立 evidence_doc 草稿，僅標示需求來源與待確認欄位，不自行決定點位數量或設備位置。,需求書條文、建築平面/昇位底圖、設備清單、系統邊界、整合介面、送審階段,evidence_doc 草稿或佐證文件清單，附 rule_id 與 source_page,missing_testing_requirement; missing_evidence_document,"17,79-80",true
CAD-024,IB2024-I01-009,LAN,evidence_doc,依 1.2.3 佈線系統維運管理計畫 建立 evidence_doc 草稿，僅標示需求來源與待確認欄位，不自行決定點位數量或設備位置。,需求書條文、建築平面/昇位底圖、設備清單、系統邊界、整合介面、送審階段,evidence_doc 草稿或佐證文件清單，附 rule_id 與 source_page,missing_evidence_document; missing_integration_interface,"17,80-81",true
CAD-025,IB2024-I01-009,LAN,system_diagram,依 1.2.3 佈線系統維運管理計畫 建立 system_diagram 草稿，僅標示需求來源與待確認欄位，不自行決定點位數量或設備位置。,需求書條文、建築平面/昇位底圖、設備清單、系統邊界、整合介面、送審階段,system_diagram 草稿或佐證文件清單，附 rule_id 與 source_page,missing_evidence_document; missing_integration_interface,"17,80-81",true
CAD-026,IB2024-I01-010,PARKING,system_diagram,依 1.2.4 電動車輛充電設備電能維運管理系統 建立 system_diagram 草稿，僅標示需求來源與待確認欄位，不自行決定點位數量或設備位置。,需求書條文、建築平面/昇位底圖、設備清單、系統邊界、整合介面、送審階段,system_diagram 草稿或佐證文件清單，附 rule_id 與 source_page,missing_equipment_spec; missing_system_boundary,"18,81",true
CAD-027,IB2024-I01-010,PARKING,layout,依 1.2.4 電動車輛充電設備電能維運管理系統 建立 layout 草稿，僅標示需求來源與待確認欄位，不自行決定點位數量或設備位置。,需求書條文、建築平面/昇位底圖、設備清單、系統邊界、整合介面、送審階段,layout 草稿或佐證文件清單，附 rule_id 與 source_page,missing_equipment_spec; missing_system_boundary,"18,81",true
CAD-028,IB2024-I01-010,PARKING,io_point_schedule,依 1.2.4 電動車輛充電設備電能維運管理系統 建立 io_point_schedule 草稿，僅標示需求來源與待確認欄位，不自行決定點位數量或設備位置。,需求書條文、建築平面/昇位底圖、設備清單、系統邊界、整合介面、送審階段,io_point_schedule 草稿或佐證文件清單，附 rule_id 與 source_page,missing_equipment_spec; missing_system_boundary,"18,81",true
CAD-029,IB2024-I01-011,BMS,evidence_doc,依 1.3.1 建築靜態數據庫 建立 evidence_doc 草稿，僅標示需求來源與待確認欄位，不自行決定點位數量或設備位置。,需求書條文、建築平面/昇位底圖、設備清單、系統邊界、整合介面、送審階段,evidence_doc 草稿或佐證文件清單，附 rule_id 與 source_page,missing_evidence_document; missing_system_boundary,"18,81",true
CAD-030,IB2024-I01-012,BMS,io_point_schedule,依 1.3.2 建築動態數據庫 建立 io_point_schedule 草稿，僅標示需求來源與待確認欄位，不自行決定點位數量或設備位置。,需求書條文、建築平面/昇位底圖、設備清單、系統邊界、整合介面、送審階段,io_point_schedule 草稿或佐證文件清單，附 rule_id 與 source_page,missing_integration_interface; missing_scope; missing_evidence_document,"18-19,82",true
CAD-031,IB2024-I01-012,BMS,system_diagram,依 1.3.2 建築動態數據庫 建立 system_diagram 草稿，僅標示需求來源與待確認欄位，不自行決定點位數量或設備位置。,需求書條文、建築平面/昇位底圖、設備清單、系統邊界、整合介面、送審階段,system_diagram 草稿或佐證文件清單，附 rule_id 與 source_page,missing_integration_interface; missing_scope; missing_evidence_document,"18-19,82",true
CAD-032,IB2024-I01-012,BMS,evidence_doc,依 1.3.2 建築動態數據庫 建立 evidence_doc 草稿，僅標示需求來源與待確認欄位，不自行決定點位數量或設備位置。,需求書條文、建築平面/昇位底圖、設備清單、系統邊界、整合介面、送審階段,evidence_doc 草稿或佐證文件清單，附 rule_id 與 source_page,missing_integration_interface; missing_scope; missing_evidence_document,"18-19,82",true
CAD-033,IB2024-I01-013,BMS,system_diagram,依 1.3.3 備援機制 建立 system_diagram 草稿，僅標示需求來源與待確認欄位，不自行決定點位數量或設備位置。,需求書條文、建築平面/昇位底圖、設備清單、系統邊界、整合介面、送審階段,system_diagram 草稿或佐證文件清單，附 rule_id 與 source_page,missing_system_boundary; missing_evidence_document,"19-20,82",true
CAD-034,IB2024-I01-013,BMS,evidence_doc,依 1.3.3 備援機制 建立 evidence_doc 草稿，僅標示需求來源與待確認欄位，不自行決定點位數量或設備位置。,需求書條文、建築平面/昇位底圖、設備清單、系統邊界、整合介面、送審階段,evidence_doc 草稿或佐證文件清單，附 rule_id 與 source_page,missing_system_boundary; missing_evidence_document,"19-20,82",true
CAD-035,IB2024-I01-014,LAN,system_diagram,依 1.3.4 資訊安全 建立 system_diagram 草稿，僅標示需求來源與待確認欄位，不自行決定點位數量或設備位置。,需求書條文、建築平面/昇位底圖、設備清單、系統邊界、整合介面、送審階段,system_diagram 草稿或佐證文件清單，附 rule_id 與 source_page,missing_equipment_spec; missing_integration_interface,"20,83",true
CAD-036,IB2024-I01-014,LAN,evidence_doc,依 1.3.4 資訊安全 建立 evidence_doc 草稿，僅標示需求來源與待確認欄位，不自行決定點位數量或設備位置。,需求書條文、建築平面/昇位底圖、設備清單、系統邊界、整合介面、送審階段,evidence_doc 草稿或佐證文件清單，附 rule_id 與 source_page,missing_equipment_spec; missing_integration_interface,"20,83",true
CAD-037,IB2024-I01-015,BMS,system_diagram,依 1.3.5 區塊鏈加密機制 建立 system_diagram 草稿，僅標示需求來源與待確認欄位，不自行決定點位數量或設備位置。,需求書條文、建築平面/昇位底圖、設備清單、系統邊界、整合介面、送審階段,system_diagram 草稿或佐證文件清單，附 rule_id 與 source_page,missing_evidence_document; missing_system_boundary,"20-21,83",true
CAD-038,IB2024-I01-015,BMS,evidence_doc,依 1.3.5 區塊鏈加密機制 建立 evidence_doc 草稿，僅標示需求來源與待確認欄位，不自行決定點位數量或設備位置。,需求書條文、建築平面/昇位底圖、設備清單、系統邊界、整合介面、送審階段,evidence_doc 草稿或佐證文件清單，附 rule_id 與 source_page,missing_evidence_document; missing_system_boundary,"20-21,83",true
CAD-039,IB2024-I02-001,BMS,system_diagram,依 2.1.1 建築智慧化規劃設計 建立 system_diagram 草稿，僅標示需求來源與待確認欄位，不自行決定點位數量或設備位置。,需求書條文、建築平面/昇位底圖、設備清單、系統邊界、整合介面、送審階段,system_diagram 草稿或佐證文件清單，附 rule_id 與 source_page,missing_scope; missing_evidence_document,"22,95",true
CAD-040,IB2024-I02-001,BMS,io_point_schedule,依 2.1.1 建築智慧化規劃設計 建立 io_point_schedule 草稿，僅標示需求來源與待確認欄位，不自行決定點位數量或設備位置。,需求書條文、建築平面/昇位底圖、設備清單、系統邊界、整合介面、送審階段,io_point_schedule 草稿或佐證文件清單，附 rule_id 與 source_page,missing_scope; missing_evidence_document,"22,95",true
CAD-041,IB2024-I02-001,BMS,evidence_doc,依 2.1.1 建築智慧化規劃設計 建立 evidence_doc 草稿，僅標示需求來源與待確認欄位，不自行決定點位數量或設備位置。,需求書條文、建築平面/昇位底圖、設備清單、系統邊界、整合介面、送審階段,evidence_doc 草稿或佐證文件清單，附 rule_id 與 source_page,missing_scope; missing_evidence_document,"22,95",true
CAD-042,IB2024-I02-002,BMS,system_diagram,依 2.1.2 智慧化系統需求與設計 建立 system_diagram 草稿，僅標示需求來源與待確認欄位，不自行決定點位數量或設備位置。,需求書條文、建築平面/昇位底圖、設備清單、系統邊界、整合介面、送審階段,system_diagram 草稿或佐證文件清單，附 rule_id 與 source_page,missing_integration_interface; missing_scope,"22,95-96",true
CAD-043,IB2024-I02-002,BMS,io_point_schedule,依 2.1.2 智慧化系統需求與設計 建立 io_point_schedule 草稿，僅標示需求來源與待確認欄位，不自行決定點位數量或設備位置。,需求書條文、建築平面/昇位底圖、設備清單、系統邊界、整合介面、送審階段,io_point_schedule 草稿或佐證文件清單，附 rule_id 與 source_page,missing_integration_interface; missing_scope,"22,95-96",true
CAD-044,IB2024-I02-003,BMS,system_diagram,依 2.1.3 平台管理計畫 建立 system_diagram 草稿，僅標示需求來源與待確認欄位，不自行決定點位數量或設備位置。,需求書條文、建築平面/昇位底圖、設備清單、系統邊界、整合介面、送審階段,system_diagram 草稿或佐證文件清單，附 rule_id 與 source_page,missing_equipment_spec; missing_testing_requirement,"22-23,96",true
CAD-045,IB2024-I02-003,BMS,evidence_doc,依 2.1.3 平台管理計畫 建立 evidence_doc 草稿，僅標示需求來源與待確認欄位，不自行決定點位數量或設備位置。,需求書條文、建築平面/昇位底圖、設備清單、系統邊界、整合介面、送審階段,evidence_doc 草稿或佐證文件清單，附 rule_id 與 source_page,missing_equipment_spec; missing_testing_requirement,"22-23,96",true
CAD-046,IB2024-I02-004,BMS,device_schedule,依 2.1.4 使用管理計畫 建立 device_schedule 草稿，僅標示需求來源與待確認欄位，不自行決定點位數量或設備位置。,需求書條文、建築平面/昇位底圖、設備清單、系統邊界、整合介面、送審階段,device_schedule 草稿或佐證文件清單，附 rule_id 與 source_page,missing_evidence_document,"23-24,96-97",true
CAD-047,IB2024-I02-004,BMS,evidence_doc,依 2.1.4 使用管理計畫 建立 evidence_doc 草稿，僅標示需求來源與待確認欄位，不自行決定點位數量或設備位置。,需求書條文、建築平面/昇位底圖、設備清單、系統邊界、整合介面、送審階段,evidence_doc 草稿或佐證文件清單，附 rule_id 與 source_page,missing_evidence_document,"23-24,96-97",true
CAD-048,IB2024-I02-005,BMS,system_diagram,依 2.1.5 維運管理計畫 建立 system_diagram 草稿，僅標示需求來源與待確認欄位，不自行決定點位數量或設備位置。,需求書條文、建築平面/昇位底圖、設備清單、系統邊界、整合介面、送審階段,system_diagram 草稿或佐證文件清單，附 rule_id 與 source_page,missing_evidence_document; missing_system_boundary,"24-25,97-98",true
CAD-049,IB2024-I02-005,BMS,evidence_doc,依 2.1.5 維運管理計畫 建立 evidence_doc 草稿，僅標示需求來源與待確認欄位，不自行決定點位數量或設備位置。,需求書條文、建築平面/昇位底圖、設備清單、系統邊界、整合介面、送審階段,evidence_doc 草稿或佐證文件清單，附 rule_id 與 source_page,missing_evidence_document; missing_system_boundary,"24-25,97-98",true
CAD-050,IB2024-I02-006,SENSOR,system_diagram,依 2.2.1 工地安全管理 建立 system_diagram 草稿，僅標示需求來源與待確認欄位，不自行決定點位數量或設備位置。,需求書條文、建築平面/昇位底圖、設備清單、系統邊界、整合介面、送審階段,system_diagram 草稿或佐證文件清單，附 rule_id 與 source_page,missing_scope; missing_equipment_spec,"25,98-99",true
CAD-051,IB2024-I02-006,SENSOR,layout,依 2.2.1 工地安全管理 建立 layout 草稿，僅標示需求來源與待確認欄位，不自行決定點位數量或設備位置。,需求書條文、建築平面/昇位底圖、設備清單、系統邊界、整合介面、送審階段,layout 草稿或佐證文件清單，附 rule_id 與 source_page,missing_scope; missing_equipment_spec,"25,98-99",true
CAD-052,IB2024-I02-006,SENSOR,evidence_doc,依 2.2.1 工地安全管理 建立 evidence_doc 草稿，僅標示需求來源與待確認欄位，不自行決定點位數量或設備位置。,需求書條文、建築平面/昇位底圖、設備清單、系統邊界、整合介面、送審階段,evidence_doc 草稿或佐證文件清單，附 rule_id 與 source_page,missing_scope; missing_equipment_spec,"25,98-99",true
CAD-053,IB2024-I02-007,ACS,system_diagram,依 2.2.2 工地人員管理 建立 system_diagram 草稿，僅標示需求來源與待確認欄位，不自行決定點位數量或設備位置。,需求書條文、建築平面/昇位底圖、設備清單、系統邊界、整合介面、送審階段,system_diagram 草稿或佐證文件清單，附 rule_id 與 source_page,missing_scope; missing_equipment_spec,"25,99",true
CAD-054,IB2024-I02-007,ACS,layout,依 2.2.2 工地人員管理 建立 layout 草稿，僅標示需求來源與待確認欄位，不自行決定點位數量或設備位置。,需求書條文、建築平面/昇位底圖、設備清單、系統邊界、整合介面、送審階段,layout 草稿或佐證文件清單，附 rule_id 與 source_page,missing_scope; missing_equipment_spec,"25,99",true
CAD-055,IB2024-I02-007,ACS,evidence_doc,依 2.2.2 工地人員管理 建立 evidence_doc 草稿，僅標示需求來源與待確認欄位，不自行決定點位數量或設備位置。,需求書條文、建築平面/昇位底圖、設備清單、系統邊界、整合介面、送審階段,evidence_doc 草稿或佐證文件清單，附 rule_id 與 source_page,missing_scope; missing_equipment_spec,"25,99",true
CAD-056,IB2024-I02-008,UNKNOWN,evidence_doc,依 2.2.3 工地資材管理 建立 evidence_doc 草稿，僅標示需求來源與待確認欄位，不自行決定點位數量或設備位置。,需求書條文、建築平面/昇位底圖、設備清單、系統邊界、整合介面、送審階段,evidence_doc 草稿或佐證文件清單，附 rule_id 與 source_page,missing_scope,"25-26,99-100",true
CAD-057,IB2024-I02-009,BMS,system_diagram,依 2.3.1 智慧建築監控 建立 system_diagram 草稿，僅標示需求來源與待確認欄位，不自行決定點位數量或設備位置。,需求書條文、建築平面/昇位底圖、設備清單、系統邊界、整合介面、送審階段,system_diagram 草稿或佐證文件清單，附 rule_id 與 source_page,missing_integration_interface; missing_testing_requirement,"26,100-101",true
CAD-058,IB2024-I02-009,BMS,io_point_schedule,依 2.3.1 智慧建築監控 建立 io_point_schedule 草稿，僅標示需求來源與待確認欄位，不自行決定點位數量或設備位置。,需求書條文、建築平面/昇位底圖、設備清單、系統邊界、整合介面、送審階段,io_point_schedule 草稿或佐證文件清單，附 rule_id 與 source_page,missing_integration_interface; missing_testing_requirement,"26,100-101",true
CAD-059,IB2024-I02-009,BMS,evidence_doc,依 2.3.1 智慧建築監控 建立 evidence_doc 草稿，僅標示需求來源與待確認欄位，不自行決定點位數量或設備位置。,需求書條文、建築平面/昇位底圖、設備清單、系統邊界、整合介面、送審階段,evidence_doc 草稿或佐證文件清單，附 rule_id 與 source_page,missing_integration_interface; missing_testing_requirement,"26,100-101",true
CAD-060,IB2024-I02-010,BMS,evidence_doc,依 2.3.2 建築維運管理 建立 evidence_doc 草稿，僅標示需求來源與待確認欄位，不自行決定點位數量或設備位置。,需求書條文、建築平面/昇位底圖、設備清單、系統邊界、整合介面、送審階段,evidence_doc 草稿或佐證文件清單，附 rule_id 與 source_page,missing_evidence_document,"27,101",true
CAD-061,IB2024-I02-011,BMS,system_diagram,依 2.3.3 行動化管理 建立 system_diagram 草稿，僅標示需求來源與待確認欄位，不自行決定點位數量或設備位置。,需求書條文、建築平面/昇位底圖、設備清單、系統邊界、整合介面、送審階段,system_diagram 草稿或佐證文件清單，附 rule_id 與 source_page,missing_equipment_spec; missing_integration_interface,"27,101-102",true
CAD-062,IB2024-I02-011,BMS,evidence_doc,依 2.3.3 行動化管理 建立 evidence_doc 草稿，僅標示需求來源與待確認欄位，不自行決定點位數量或設備位置。,需求書條文、建築平面/昇位底圖、設備清單、系統邊界、整合介面、送審階段,evidence_doc 草稿或佐證文件清單，附 rule_id 與 source_page,missing_equipment_spec; missing_integration_interface,"27,101-102",true
CAD-063,IB2024-I02-012,BMS,system_diagram,依 2.3.4 建築資訊模型 BIM 整合 建立 system_diagram 草稿，僅標示需求來源與待確認欄位，不自行決定點位數量或設備位置。,需求書條文、建築平面/昇位底圖、設備清單、系統邊界、整合介面、送審階段,system_diagram 草稿或佐證文件清單，附 rule_id 與 source_page,missing_integration_interface; missing_evidence_document,"27-28,102",true
CAD-064,IB2024-I02-012,BMS,evidence_doc,依 2.3.4 建築資訊模型 BIM 整合 建立 evidence_doc 草稿，僅標示需求來源與待確認欄位，不自行決定點位數量或設備位置。,需求書條文、建築平面/昇位底圖、設備清單、系統邊界、整合介面、送審階段,evidence_doc 草稿或佐證文件清單，附 rule_id 與 source_page,missing_integration_interface; missing_evidence_document,"27-28,102",true
CAD-065,IB2024-I02-013,BMS,io_point_schedule,依 2.3.5 營運數據應用 建立 io_point_schedule 草稿，僅標示需求來源與待確認欄位，不自行決定點位數量或設備位置。,需求書條文、建築平面/昇位底圖、設備清單、系統邊界、整合介面、送審階段,io_point_schedule 草稿或佐證文件清單，附 rule_id 與 source_page,missing_integration_interface; missing_testing_requirement,"28,102",true
CAD-066,IB2024-I02-013,BMS,system_diagram,依 2.3.5 營運數據應用 建立 system_diagram 草稿，僅標示需求來源與待確認欄位，不自行決定點位數量或設備位置。,需求書條文、建築平面/昇位底圖、設備清單、系統邊界、整合介面、送審階段,system_diagram 草稿或佐證文件清單，附 rule_id 與 source_page,missing_integration_interface; missing_testing_requirement,"28,102",true
CAD-067,IB2024-I02-013,BMS,evidence_doc,依 2.3.5 營運數據應用 建立 evidence_doc 草稿，僅標示需求來源與待確認欄位，不自行決定點位數量或設備位置。,需求書條文、建築平面/昇位底圖、設備清單、系統邊界、整合介面、送審階段,evidence_doc 草稿或佐證文件清單，附 rule_id 與 source_page,missing_integration_interface; missing_testing_requirement,"28,102",true
CAD-068,IB2024-I03-001,FAS,layout,依 3.1.1.1 火警偵知 建立 layout 草稿，僅標示需求來源與待確認欄位，不自行決定點位數量或設備位置。,需求書條文、建築平面/昇位底圖、設備清單、系統邊界、整合介面、送審階段,layout 草稿或佐證文件清單，附 rule_id 與 source_page,missing_equipment_spec; missing_integration_interface,"29,109",true
CAD-069,IB2024-I03-001,FAS,system_diagram,依 3.1.1.1 火警偵知 建立 system_diagram 草稿，僅標示需求來源與待確認欄位，不自行決定點位數量或設備位置。,需求書條文、建築平面/昇位底圖、設備清單、系統邊界、整合介面、送審階段,system_diagram 草稿或佐證文件清單，附 rule_id 與 source_page,missing_equipment_spec; missing_integration_interface,"29,109",true
CAD-070,IB2024-I03-001,FAS,io_point_schedule,依 3.1.1.1 火警偵知 建立 io_point_schedule 草稿，僅標示需求來源與待確認欄位，不自行決定點位數量或設備位置。,需求書條文、建築平面/昇位底圖、設備清單、系統邊界、整合介面、送審階段,io_point_schedule 草稿或佐證文件清單，附 rule_id 與 source_page,missing_equipment_spec; missing_integration_interface,"29,109",true
CAD-071,IB2024-I03-002,FAS,layout,依 3.1.1.2 防火門狀態偵知 建立 layout 草稿，僅標示需求來源與待確認欄位，不自行決定點位數量或設備位置。,需求書條文、建築平面/昇位底圖、設備清單、系統邊界、整合介面、送審階段,layout 草稿或佐證文件清單，附 rule_id 與 source_page,missing_equipment_spec,"29-30,109-110",true
CAD-072,IB2024-I03-002,FAS,io_point_schedule,依 3.1.1.2 防火門狀態偵知 建立 io_point_schedule 草稿，僅標示需求來源與待確認欄位，不自行決定點位數量或設備位置。,需求書條文、建築平面/昇位底圖、設備清單、系統邊界、整合介面、送審階段,io_point_schedule 草稿或佐證文件清單，附 rule_id 與 source_page,missing_equipment_spec,"29-30,109-110",true
CAD-073,IB2024-I03-002,FAS,system_diagram,依 3.1.1.2 防火門狀態偵知 建立 system_diagram 草稿，僅標示需求來源與待確認欄位，不自行決定點位數量或設備位置。,需求書條文、建築平面/昇位底圖、設備清單、系統邊界、整合介面、送審階段,system_diagram 草稿或佐證文件清單，附 rule_id 與 source_page,missing_equipment_spec,"29-30,109-110",true
CAD-074,IB2024-I03-003,EMS,system_diagram,依 3.1.1.3 用電異常偵測 建立 system_diagram 草稿，僅標示需求來源與待確認欄位，不自行決定點位數量或設備位置。,需求書條文、建築平面/昇位底圖、設備清單、系統邊界、整合介面、送審階段,system_diagram 草稿或佐證文件清單，附 rule_id 與 source_page,missing_equipment_spec; missing_testing_requirement,"30,110",true
CAD-075,IB2024-I03-003,EMS,io_point_schedule,依 3.1.1.3 用電異常偵測 建立 io_point_schedule 草稿，僅標示需求來源與待確認欄位，不自行決定點位數量或設備位置。,需求書條文、建築平面/昇位底圖、設備清單、系統邊界、整合介面、送審階段,io_point_schedule 草稿或佐證文件清單，附 rule_id 與 source_page,missing_equipment_spec; missing_testing_requirement,"30,110",true
CAD-076,IB2024-I03-003,EMS,layout,依 3.1.1.3 用電異常偵測 建立 layout 草稿，僅標示需求來源與待確認欄位，不自行決定點位數量或設備位置。,需求書條文、建築平面/昇位底圖、設備清單、系統邊界、整合介面、送審階段,layout 草稿或佐證文件清單，附 rule_id 與 source_page,missing_equipment_spec; missing_testing_requirement,"30,110",true
CAD-077,IB2024-I03-004,FAS,layout,依 3.1.1.4 室內溫度異常火警告警 建立 layout 草稿，僅標示需求來源與待確認欄位，不自行決定點位數量或設備位置。,需求書條文、建築平面/昇位底圖、設備清單、系統邊界、整合介面、送審階段,layout 草稿或佐證文件清單，附 rule_id 與 source_page,missing_testing_requirement,"30,110",true
CAD-078,IB2024-I03-004,FAS,io_point_schedule,依 3.1.1.4 室內溫度異常火警告警 建立 io_point_schedule 草稿，僅標示需求來源與待確認欄位，不自行決定點位數量或設備位置。,需求書條文、建築平面/昇位底圖、設備清單、系統邊界、整合介面、送審階段,io_point_schedule 草稿或佐證文件清單，附 rule_id 與 source_page,missing_testing_requirement,"30,110",true
CAD-079,IB2024-I03-005,SENSOR,layout,依 3.1.1.5 漏水偵知 建立 layout 草稿，僅標示需求來源與待確認欄位，不自行決定點位數量或設備位置。,需求書條文、建築平面/昇位底圖、設備清單、系統邊界、整合介面、送審階段,layout 草稿或佐證文件清單，附 rule_id 與 source_page,missing_equipment_spec,"30,111",true
CAD-080,IB2024-I03-005,SENSOR,io_point_schedule,依 3.1.1.5 漏水偵知 建立 io_point_schedule 草稿，僅標示需求來源與待確認欄位，不自行決定點位數量或設備位置。,需求書條文、建築平面/昇位底圖、設備清單、系統邊界、整合介面、送審階段,io_point_schedule 草稿或佐證文件清單，附 rule_id 與 source_page,missing_equipment_spec,"30,111",true
CAD-081,IB2024-I03-006,SENSOR,layout,依 3.1.1.6 地震偵知 建立 layout 草稿，僅標示需求來源與待確認欄位，不自行決定點位數量或設備位置。,需求書條文、建築平面/昇位底圖、設備清單、系統邊界、整合介面、送審階段,layout 草稿或佐證文件清單，附 rule_id 與 source_page,missing_equipment_spec,"30-31,111",true
CAD-082,IB2024-I03-006,SENSOR,io_point_schedule,依 3.1.1.6 地震偵知 建立 io_point_schedule 草稿，僅標示需求來源與待確認欄位，不自行決定點位數量或設備位置。,需求書條文、建築平面/昇位底圖、設備清單、系統邊界、整合介面、送審階段,io_point_schedule 草稿或佐證文件清單，附 rule_id 與 source_page,missing_equipment_spec,"30-31,111",true
CAD-083,IB2024-I03-007,AV,layout,依 3.1.2.1 災害告警訊息顯示 建立 layout 草稿，僅標示需求來源與待確認欄位，不自行決定點位數量或設備位置。,需求書條文、建築平面/昇位底圖、設備清單、系統邊界、整合介面、送審階段,layout 草稿或佐證文件清單，附 rule_id 與 source_page,missing_scope; missing_equipment_spec,"31,112",true
CAD-084,IB2024-I03-007,AV,system_diagram,依 3.1.2.1 災害告警訊息顯示 建立 system_diagram 草稿，僅標示需求來源與待確認欄位，不自行決定點位數量或設備位置。,需求書條文、建築平面/昇位底圖、設備清單、系統邊界、整合介面、送審階段,system_diagram 草稿或佐證文件清單，附 rule_id 與 source_page,missing_scope; missing_equipment_spec,"31,112",true
CAD-085,IB2024-I03-008,BMS,system_diagram,依 3.1.2.2 連動設備狀態顯示 建立 system_diagram 草稿，僅標示需求來源與待確認欄位，不自行決定點位數量或設備位置。,需求書條文、建築平面/昇位底圖、設備清單、系統邊界、整合介面、送審階段,system_diagram 草稿或佐證文件清單，附 rule_id 與 source_page,missing_integration_interface,"31-32,112",true
CAD-086,IB2024-I03-008,BMS,io_point_schedule,依 3.1.2.2 連動設備狀態顯示 建立 io_point_schedule 草稿，僅標示需求來源與待確認欄位，不自行決定點位數量或設備位置。,需求書條文、建築平面/昇位底圖、設備清單、系統邊界、整合介面、送審階段,io_point_schedule 草稿或佐證文件清單，附 rule_id 與 source_page,missing_integration_interface,"31-32,112",true
CAD-087,IB2024-I03-009,FAS,system_diagram,依 3.1.3.1 消防連動門禁及昇降機 建立 system_diagram 草稿，僅標示需求來源與待確認欄位，不自行決定點位數量或設備位置。,需求書條文、建築平面/昇位底圖、設備清單、系統邊界、整合介面、送審階段,system_diagram 草稿或佐證文件清單，附 rule_id 與 source_page,missing_integration_interface; conflicting_requirement,"32,113",true
CAD-088,IB2024-I03-009,FAS,layout,依 3.1.3.1 消防連動門禁及昇降機 建立 layout 草稿，僅標示需求來源與待確認欄位，不自行決定點位數量或設備位置。,需求書條文、建築平面/昇位底圖、設備清單、系統邊界、整合介面、送審階段,layout 草稿或佐證文件清單，附 rule_id 與 source_page,missing_integration_interface; conflicting_requirement,"32,113",true
CAD-089,IB2024-I03-010,FAS,system_diagram,依 3.1.3.2 消防系統與空調及地下室送排風連動 建立 system_diagram 草稿，僅標示需求來源與待確認欄位，不自行決定點位數量或設備位置。,需求書條文、建築平面/昇位底圖、設備清單、系統邊界、整合介面、送審階段,system_diagram 草稿或佐證文件清單，附 rule_id 與 source_page,missing_integration_interface,"32,113",true
CAD-090,IB2024-I03-010,FAS,layout,依 3.1.3.2 消防系統與空調及地下室送排風連動 建立 layout 草稿，僅標示需求來源與待確認欄位，不自行決定點位數量或設備位置。,需求書條文、建築平面/昇位底圖、設備清單、系統邊界、整合介面、送審階段,layout 草稿或佐證文件清單，附 rule_id 與 source_page,missing_integration_interface,"32,113",true
CAD-091,IB2024-I03-011,EMS,system_diagram,依 3.1.3.3 用電異常自動斷電 建立 system_diagram 草稿，僅標示需求來源與待確認欄位，不自行決定點位數量或設備位置。,需求書條文、建築平面/昇位底圖、設備清單、系統邊界、整合介面、送審階段,system_diagram 草稿或佐證文件清單，附 rule_id 與 source_page,missing_testing_requirement; missing_equipment_spec,"32-33,114",true
CAD-092,IB2024-I03-011,EMS,io_point_schedule,依 3.1.3.3 用電異常自動斷電 建立 io_point_schedule 草稿，僅標示需求來源與待確認欄位，不自行決定點位數量或設備位置。,需求書條文、建築平面/昇位底圖、設備清單、系統邊界、整合介面、送審階段,io_point_schedule 草稿或佐證文件清單，附 rule_id 與 source_page,missing_testing_requirement; missing_equipment_spec,"32-33,114",true
CAD-093,IB2024-I03-012,FAS,layout,依 3.1.3.4 火災避難引導連動 建立 layout 草稿，僅標示需求來源與待確認欄位，不自行決定點位數量或設備位置。,需求書條文、建築平面/昇位底圖、設備清單、系統邊界、整合介面、送審階段,layout 草稿或佐證文件清單，附 rule_id 與 source_page,missing_scope; missing_testing_requirement,"33,114",true
CAD-094,IB2024-I03-012,FAS,system_diagram,依 3.1.3.4 火災避難引導連動 建立 system_diagram 草稿，僅標示需求來源與待確認欄位，不自行決定點位數量或設備位置。,需求書條文、建築平面/昇位底圖、設備清單、系統邊界、整合介面、送審階段,system_diagram 草稿或佐證文件清單，附 rule_id 與 source_page,missing_scope; missing_testing_requirement,"33,114",true
CAD-095,IB2024-I03-013,FAS,layout,依 3.1.3.5 火災預警連動監視器影像 建立 layout 草稿，僅標示需求來源與待確認欄位，不自行決定點位數量或設備位置。,需求書條文、建築平面/昇位底圖、設備清單、系統邊界、整合介面、送審階段,layout 草稿或佐證文件清單，附 rule_id 與 source_page,missing_integration_interface,"33,115",true
CAD-096,IB2024-I03-013,FAS,system_diagram,依 3.1.3.5 火災預警連動監視器影像 建立 system_diagram 草稿，僅標示需求來源與待確認欄位，不自行決定點位數量或設備位置。,需求書條文、建築平面/昇位底圖、設備清單、系統邊界、整合介面、送審階段,system_diagram 草稿或佐證文件清單，附 rule_id 與 source_page,missing_integration_interface,"33,115",true
CAD-097,IB2024-I03-014,SENSOR,layout,依 3.1.3.6 漏水連動監視器影像 建立 layout 草稿，僅標示需求來源與待確認欄位，不自行決定點位數量或設備位置。,需求書條文、建築平面/昇位底圖、設備清單、系統邊界、整合介面、送審階段,layout 草稿或佐證文件清單，附 rule_id 與 source_page,missing_integration_interface,"34,115",true
CAD-098,IB2024-I03-014,SENSOR,system_diagram,依 3.1.3.6 漏水連動監視器影像 建立 system_diagram 草稿，僅標示需求來源與待確認欄位，不自行決定點位數量或設備位置。,需求書條文、建築平面/昇位底圖、設備清單、系統邊界、整合介面、送審階段,system_diagram 草稿或佐證文件清單，附 rule_id 與 source_page,missing_integration_interface,"34,115",true
CAD-099,IB2024-I03-015,SENSOR,layout,依 3.1.3.7 地震偵知連動解除門禁 建立 layout 草稿，僅標示需求來源與待確認欄位，不自行決定點位數量或設備位置。,需求書條文、建築平面/昇位底圖、設備清單、系統邊界、整合介面、送審階段,layout 草稿或佐證文件清單，附 rule_id 與 source_page,missing_integration_interface,"34,116",true
CAD-100,IB2024-I03-015,SENSOR,system_diagram,依 3.1.3.7 地震偵知連動解除門禁 建立 system_diagram 草稿，僅標示需求來源與待確認欄位，不自行決定點位數量或設備位置。,需求書條文、建築平面/昇位底圖、設備清單、系統邊界、整合介面、送審階段,system_diagram 草稿或佐證文件清單，附 rule_id 與 source_page,missing_integration_interface,"34,116",true
CAD-101,IB2024-I03-016,INTERCOM,layout,依 3.2.1.1 公共空間即時語音服務 建立 layout 草稿，僅標示需求來源與待確認欄位，不自行決定點位數量或設備位置。,需求書條文、建築平面/昇位底圖、設備清單、系統邊界、整合介面、送審階段,layout 草稿或佐證文件清單，附 rule_id 與 source_page,missing_scope; missing_equipment_spec,"35,117",true
CAD-102,IB2024-I03-016,INTERCOM,system_diagram,依 3.2.1.1 公共空間即時語音服務 建立 system_diagram 草稿，僅標示需求來源與待確認欄位，不自行決定點位數量或設備位置。,需求書條文、建築平面/昇位底圖、設備清單、系統邊界、整合介面、送審階段,system_diagram 草稿或佐證文件清單，附 rule_id 與 source_page,missing_scope; missing_equipment_spec,"35,117",true
CAD-103,IB2024-I03-017,INTERCOM,system_diagram,依 3.2.1.2 對講整合行動通訊服務 建立 system_diagram 草稿，僅標示需求來源與待確認欄位，不自行決定點位數量或設備位置。,需求書條文、建築平面/昇位底圖、設備清單、系統邊界、整合介面、送審階段,system_diagram 草稿或佐證文件清單，附 rule_id 與 source_page,missing_integration_interface,"35,117",true
CAD-104,IB2024-I03-017,INTERCOM,layout,依 3.2.1.2 對講整合行動通訊服務 建立 layout 草稿，僅標示需求來源與待確認欄位，不自行決定點位數量或設備位置。,需求書條文、建築平面/昇位底圖、設備清單、系統邊界、整合介面、送審階段,layout 草稿或佐證文件清單，附 rule_id 與 source_page,missing_integration_interface,"35,117",true
CAD-105,IB2024-I03-018,ACS,layout,依 3.2.1.3 門禁出入安全管制 建立 layout 草稿，僅標示需求來源與待確認欄位，不自行決定點位數量或設備位置。,需求書條文、建築平面/昇位底圖、設備清單、系統邊界、整合介面、送審階段,layout 草稿或佐證文件清單，附 rule_id 與 source_page,missing_scope; missing_equipment_spec,"35-36,118",true
CAD-106,IB2024-I03-018,ACS,device_schedule,依 3.2.1.3 門禁出入安全管制 建立 device_schedule 草稿，僅標示需求來源與待確認欄位，不自行決定點位數量或設備位置。,需求書條文、建築平面/昇位底圖、設備清單、系統邊界、整合介面、送審階段,device_schedule 草稿或佐證文件清單，附 rule_id 與 source_page,missing_scope; missing_equipment_spec,"35-36,118",true
CAD-107,IB2024-I03-018,ACS,system_diagram,依 3.2.1.3 門禁出入安全管制 建立 system_diagram 草稿，僅標示需求來源與待確認欄位，不自行決定點位數量或設備位置。,需求書條文、建築平面/昇位底圖、設備清單、系統邊界、整合介面、送審階段,system_diagram 草稿或佐證文件清單，附 rule_id 與 source_page,missing_scope; missing_equipment_spec,"35-36,118",true
CAD-108,IB2024-I03-019,PARKING,layout,依 3.2.1.4 車輛出入安全管制 建立 layout 草稿，僅標示需求來源與待確認欄位，不自行決定點位數量或設備位置。,需求書條文、建築平面/昇位底圖、設備清單、系統邊界、整合介面、送審階段,layout 草稿或佐證文件清單，附 rule_id 與 source_page,missing_scope; missing_equipment_spec,"36,118",true
CAD-109,IB2024-I03-019,PARKING,system_diagram,依 3.2.1.4 車輛出入安全管制 建立 system_diagram 草稿，僅標示需求來源與待確認欄位，不自行決定點位數量或設備位置。,需求書條文、建築平面/昇位底圖、設備清單、系統邊界、整合介面、送審階段,system_diagram 草稿或佐證文件清單，附 rule_id 與 source_page,missing_scope; missing_equipment_spec,"36,118",true
CAD-110,IB2024-I03-020,CCTV,layout,依 3.2.1.5 影像安全防護與紀錄 建立 layout 草稿，僅標示需求來源與待確認欄位，不自行決定點位數量或設備位置。,需求書條文、建築平面/昇位底圖、設備清單、系統邊界、整合介面、送審階段,layout 草稿或佐證文件清單，附 rule_id 與 source_page,missing_scope; missing_equipment_spec,"36,119",true
CAD-111,IB2024-I03-020,CCTV,device_schedule,依 3.2.1.5 影像安全防護與紀錄 建立 device_schedule 草稿，僅標示需求來源與待確認欄位，不自行決定點位數量或設備位置。,需求書條文、建築平面/昇位底圖、設備清單、系統邊界、整合介面、送審階段,device_schedule 草稿或佐證文件清單，附 rule_id 與 source_page,missing_scope; missing_equipment_spec,"36,119",true
CAD-112,IB2024-I03-020,CCTV,system_diagram,依 3.2.1.5 影像安全防護與紀錄 建立 system_diagram 草稿，僅標示需求來源與待確認欄位，不自行決定點位數量或設備位置。,需求書條文、建築平面/昇位底圖、設備清單、系統邊界、整合介面、送審階段,system_diagram 草稿或佐證文件清單，附 rule_id 與 source_page,missing_scope; missing_equipment_spec,"36,119",true
CAD-113,IB2024-I03-021,BMS,layout,依 3.2.1.6 防盜入侵主動告警 建立 layout 草稿，僅標示需求來源與待確認欄位，不自行決定點位數量或設備位置。,需求書條文、建築平面/昇位底圖、設備清單、系統邊界、整合介面、送審階段,layout 草稿或佐證文件清單，附 rule_id 與 source_page,missing_integration_interface; missing_equipment_spec,"36-37,119",true
CAD-114,IB2024-I03-021,BMS,io_point_schedule,依 3.2.1.6 防盜入侵主動告警 建立 io_point_schedule 草稿，僅標示需求來源與待確認欄位，不自行決定點位數量或設備位置。,需求書條文、建築平面/昇位底圖、設備清單、系統邊界、整合介面、送審階段,io_point_schedule 草稿或佐證文件清單，附 rule_id 與 source_page,missing_integration_interface; missing_equipment_spec,"36-37,119",true
CAD-115,IB2024-I03-021,BMS,system_diagram,依 3.2.1.6 防盜入侵主動告警 建立 system_diagram 草稿，僅標示需求來源與待確認欄位，不自行決定點位數量或設備位置。,需求書條文、建築平面/昇位底圖、設備清單、系統邊界、整合介面、送審階段,system_diagram 草稿或佐證文件清單，附 rule_id 與 source_page,missing_integration_interface; missing_equipment_spec,"36-37,119",true
CAD-116,IB2024-I03-022,CCTV,layout,依 3.2.1.7 安全防範辨識運算分析 建立 layout 草稿，僅標示需求來源與待確認欄位，不自行決定點位數量或設備位置。,需求書條文、建築平面/昇位底圖、設備清單、系統邊界、整合介面、送審階段,layout 草稿或佐證文件清單，附 rule_id 與 source_page,missing_equipment_spec; missing_integration_interface,"37,120",true
CAD-117,IB2024-I03-022,CCTV,system_diagram,依 3.2.1.7 安全防範辨識運算分析 建立 system_diagram 草稿，僅標示需求來源與待確認欄位，不自行決定點位數量或設備位置。,需求書條文、建築平面/昇位底圖、設備清單、系統邊界、整合介面、送審階段,system_diagram 草稿或佐證文件清單，附 rule_id 與 source_page,missing_equipment_spec; missing_integration_interface,"37,120",true
CAD-118,IB2024-I03-023,INTERCOM,layout,依 3.2.2.1 緊急求救位置顯示 建立 layout 草稿，僅標示需求來源與待確認欄位，不自行決定點位數量或設備位置。,需求書條文、建築平面/昇位底圖、設備清單、系統邊界、整合介面、送審階段,layout 草稿或佐證文件清單，附 rule_id 與 source_page,missing_scope; missing_equipment_spec,"37-38,120",true
CAD-119,IB2024-I03-023,INTERCOM,io_point_schedule,依 3.2.2.1 緊急求救位置顯示 建立 io_point_schedule 草稿，僅標示需求來源與待確認欄位，不自行決定點位數量或設備位置。,需求書條文、建築平面/昇位底圖、設備清單、系統邊界、整合介面、送審階段,io_point_schedule 草稿或佐證文件清單，附 rule_id 與 source_page,missing_scope; missing_equipment_spec,"37-38,120",true
CAD-120,IB2024-I03-023,INTERCOM,system_diagram,依 3.2.2.1 緊急求救位置顯示 建立 system_diagram 草稿，僅標示需求來源與待確認欄位，不自行決定點位數量或設備位置。,需求書條文、建築平面/昇位底圖、設備清單、系統邊界、整合介面、送審階段,system_diagram 草稿或佐證文件清單，附 rule_id 與 source_page,missing_scope; missing_equipment_spec,"37-38,120",true
CAD-121,IB2024-I03-024,ACS,system_diagram,依 3.2.2.2 防盜入侵警報行動顯示 建立 system_diagram 草稿，僅標示需求來源與待確認欄位，不自行決定點位數量或設備位置。,需求書條文、建築平面/昇位底圖、設備清單、系統邊界、整合介面、送審階段,system_diagram 草稿或佐證文件清單，附 rule_id 與 source_page,missing_integration_interface,"38,121",true
CAD-122,IB2024-I03-024,ACS,evidence_doc,依 3.2.2.2 防盜入侵警報行動顯示 建立 evidence_doc 草稿，僅標示需求來源與待確認欄位，不自行決定點位數量或設備位置。,需求書條文、建築平面/昇位底圖、設備清單、系統邊界、整合介面、送審階段,evidence_doc 草稿或佐證文件清單，附 rule_id 與 source_page,missing_integration_interface,"38,121",true
CAD-123,IB2024-I03-025,INTERCOM,layout,依 3.2.3.1 緊急求救連動即時影像 建立 layout 草稿，僅標示需求來源與待確認欄位，不自行決定點位數量或設備位置。,需求書條文、建築平面/昇位底圖、設備清單、系統邊界、整合介面、送審階段,layout 草稿或佐證文件清單，附 rule_id 與 source_page,missing_integration_interface,"38,121",true
CAD-124,IB2024-I03-025,INTERCOM,system_diagram,依 3.2.3.1 緊急求救連動即時影像 建立 system_diagram 草稿，僅標示需求來源與待確認欄位，不自行決定點位數量或設備位置。,需求書條文、建築平面/昇位底圖、設備清單、系統邊界、整合介面、送審階段,system_diagram 草稿或佐證文件清單，附 rule_id 與 source_page,missing_integration_interface,"38,121",true
CAD-125,IB2024-I03-026,CCTV,layout,依 3.2.3.2 防盜警報整合影像及環境設備 建立 layout 草稿，僅標示需求來源與待確認欄位，不自行決定點位數量或設備位置。,需求書條文、建築平面/昇位底圖、設備清單、系統邊界、整合介面、送審階段,layout 草稿或佐證文件清單，附 rule_id 與 source_page,missing_integration_interface; missing_equipment_spec,"38-39,121",true
CAD-126,IB2024-I03-026,CCTV,system_diagram,依 3.2.3.2 防盜警報整合影像及環境設備 建立 system_diagram 草稿，僅標示需求來源與待確認欄位，不自行決定點位數量或設備位置。,需求書條文、建築平面/昇位底圖、設備清單、系統邊界、整合介面、送審階段,system_diagram 草稿或佐證文件清單，附 rule_id 與 source_page,missing_integration_interface; missing_equipment_spec,"38-39,121",true
CAD-127,IB2024-I03-027,SENSOR,layout,依 3.2.4.1 有害氣體偵知 建立 layout 草稿，僅標示需求來源與待確認欄位，不自行決定點位數量或設備位置。,需求書條文、建築平面/昇位底圖、設備清單、系統邊界、整合介面、送審階段,layout 草稿或佐證文件清單，附 rule_id 與 source_page,missing_equipment_spec,"39,122",true
CAD-128,IB2024-I03-027,SENSOR,io_point_schedule,依 3.2.4.1 有害氣體偵知 建立 io_point_schedule 草稿，僅標示需求來源與待確認欄位，不自行決定點位數量或設備位置。,需求書條文、建築平面/昇位底圖、設備清單、系統邊界、整合介面、送審階段,io_point_schedule 草稿或佐證文件清單，附 rule_id 與 source_page,missing_equipment_spec,"39,122",true
CAD-129,IB2024-I03-027,SENSOR,system_diagram,依 3.2.4.1 有害氣體偵知 建立 system_diagram 草稿，僅標示需求來源與待確認欄位，不自行決定點位數量或設備位置。,需求書條文、建築平面/昇位底圖、設備清單、系統邊界、整合介面、送審階段,system_diagram 草稿或佐證文件清單，附 rule_id 與 source_page,missing_equipment_spec,"39,122",true
CAD-130,IB2024-I03-028,SENSOR,layout,依 3.2.4.2 排除有害氣體 建立 layout 草稿，僅標示需求來源與待確認欄位，不自行決定點位數量或設備位置。,需求書條文、建築平面/昇位底圖、設備清單、系統邊界、整合介面、送審階段,layout 草稿或佐證文件清單，附 rule_id 與 source_page,missing_integration_interface,"39,122",true
CAD-131,IB2024-I03-028,SENSOR,system_diagram,依 3.2.4.2 排除有害氣體 建立 system_diagram 草稿，僅標示需求來源與待確認欄位，不自行決定點位數量或設備位置。,需求書條文、建築平面/昇位底圖、設備清單、系統邊界、整合介面、送審階段,system_diagram 草稿或佐證文件清單，附 rule_id 與 source_page,missing_integration_interface,"39,122",true
CAD-132,IB2024-I04-001,SENSOR,system_diagram,依 4.2.1 建築外層智慧化節能 建立 system_diagram 草稿，僅標示需求來源與待確認欄位，不自行決定點位數量或設備位置。,需求書條文、建築平面/昇位底圖、設備清單、系統邊界、整合介面、送審階段,system_diagram 草稿或佐證文件清單，附 rule_id 與 source_page,missing_equipment_spec; missing_testing_requirement,"41-42,141-142",true
CAD-133,IB2024-I04-001,SENSOR,layout,依 4.2.1 建築外層智慧化節能 建立 layout 草稿，僅標示需求來源與待確認欄位，不自行決定點位數量或設備位置。,需求書條文、建築平面/昇位底圖、設備清單、系統邊界、整合介面、送審階段,layout 草稿或佐證文件清單，附 rule_id 與 source_page,missing_equipment_spec; missing_testing_requirement,"41-42,141-142",true
CAD-134,IB2024-I04-001,SENSOR,evidence_doc,依 4.2.1 建築外層智慧化節能 建立 evidence_doc 草稿，僅標示需求來源與待確認欄位，不自行決定點位數量或設備位置。,需求書條文、建築平面/昇位底圖、設備清單、系統邊界、整合介面、送審階段,evidence_doc 草稿或佐證文件清單，附 rule_id 與 source_page,missing_equipment_spec; missing_testing_requirement,"41-42,141-142",true
CAD-135,IB2024-I04-002,BMS,system_diagram,依 4.2.2 空調系統智慧化節能 建立 system_diagram 草稿，僅標示需求來源與待確認欄位，不自行決定點位數量或設備位置。,需求書條文、建築平面/昇位底圖、設備清單、系統邊界、整合介面、送審階段,system_diagram 草稿或佐證文件清單，附 rule_id 與 source_page,missing_equipment_spec; missing_testing_requirement,"42,142-143",true
CAD-136,IB2024-I04-002,BMS,io_point_schedule,依 4.2.2 空調系統智慧化節能 建立 io_point_schedule 草稿，僅標示需求來源與待確認欄位，不自行決定點位數量或設備位置。,需求書條文、建築平面/昇位底圖、設備清單、系統邊界、整合介面、送審階段,io_point_schedule 草稿或佐證文件清單，附 rule_id 與 source_page,missing_equipment_spec; missing_testing_requirement,"42,142-143",true
CAD-137,IB2024-I04-002,BMS,device_schedule,依 4.2.2 空調系統智慧化節能 建立 device_schedule 草稿，僅標示需求來源與待確認欄位，不自行決定點位數量或設備位置。,需求書條文、建築平面/昇位底圖、設備清單、系統邊界、整合介面、送審階段,device_schedule 草稿或佐證文件清單，附 rule_id 與 source_page,missing_equipment_spec; missing_testing_requirement,"42,142-143",true
CAD-138,IB2024-I04-003,BMS,system_diagram,依 4.2.3 照明與插座智慧化節能 建立 system_diagram 草稿，僅標示需求來源與待確認欄位，不自行決定點位數量或設備位置。,需求書條文、建築平面/昇位底圖、設備清單、系統邊界、整合介面、送審階段,system_diagram 草稿或佐證文件清單，附 rule_id 與 source_page,missing_scope; missing_equipment_spec,"42-43,143-144",true
CAD-139,IB2024-I04-003,BMS,io_point_schedule,依 4.2.3 照明與插座智慧化節能 建立 io_point_schedule 草稿，僅標示需求來源與待確認欄位，不自行決定點位數量或設備位置。,需求書條文、建築平面/昇位底圖、設備清單、系統邊界、整合介面、送審階段,io_point_schedule 草稿或佐證文件清單，附 rule_id 與 source_page,missing_scope; missing_equipment_spec,"42-43,143-144",true
CAD-140,IB2024-I04-003,BMS,device_schedule,依 4.2.3 照明與插座智慧化節能 建立 device_schedule 草稿，僅標示需求來源與待確認欄位，不自行決定點位數量或設備位置。,需求書條文、建築平面/昇位底圖、設備清單、系統邊界、整合介面、送審階段,device_schedule 草稿或佐證文件清單，附 rule_id 與 source_page,missing_scope; missing_equipment_spec,"42-43,143-144",true
CAD-141,IB2024-I04-004,BMS,system_diagram,依 4.2.4 動力設施智慧化節能 建立 system_diagram 草稿，僅標示需求來源與待確認欄位，不自行決定點位數量或設備位置。,需求書條文、建築平面/昇位底圖、設備清單、系統邊界、整合介面、送審階段,system_diagram 草稿或佐證文件清單，附 rule_id 與 source_page,missing_equipment_spec; missing_testing_requirement,"43-44,144-145",true
CAD-142,IB2024-I04-004,BMS,io_point_schedule,依 4.2.4 動力設施智慧化節能 建立 io_point_schedule 草稿，僅標示需求來源與待確認欄位，不自行決定點位數量或設備位置。,需求書條文、建築平面/昇位底圖、設備清單、系統邊界、整合介面、送審階段,io_point_schedule 草稿或佐證文件清單，附 rule_id 與 source_page,missing_equipment_spec; missing_testing_requirement,"43-44,144-145",true
CAD-143,IB2024-I04-004,BMS,device_schedule,依 4.2.4 動力設施智慧化節能 建立 device_schedule 草稿，僅標示需求來源與待確認欄位，不自行決定點位數量或設備位置。,需求書條文、建築平面/昇位底圖、設備清單、系統邊界、整合介面、送審階段,device_schedule 草稿或佐證文件清單，附 rule_id 與 source_page,missing_equipment_spec; missing_testing_requirement,"43-44,144-145",true
CAD-144,IB2024-I04-005,BMS,riser,依 4.2.5 水資源資訊揭露 建立 riser 草稿，僅標示需求來源與待確認欄位，不自行決定點位數量或設備位置。,需求書條文、建築平面/昇位底圖、設備清單、系統邊界、整合介面、送審階段,riser 草稿或佐證文件清單，附 rule_id 與 source_page,missing_scope; missing_equipment_spec,"44,145",true
CAD-145,IB2024-I04-005,BMS,layout,依 4.2.5 水資源資訊揭露 建立 layout 草稿，僅標示需求來源與待確認欄位，不自行決定點位數量或設備位置。,需求書條文、建築平面/昇位底圖、設備清單、系統邊界、整合介面、送審階段,layout 草稿或佐證文件清單，附 rule_id 與 source_page,missing_scope; missing_equipment_spec,"44,145",true
CAD-146,IB2024-I04-005,BMS,io_point_schedule,依 4.2.5 水資源資訊揭露 建立 io_point_schedule 草稿，僅標示需求來源與待確認欄位，不自行決定點位數量或設備位置。,需求書條文、建築平面/昇位底圖、設備清單、系統邊界、整合介面、送審階段,io_point_schedule 草稿或佐證文件清單，附 rule_id 與 source_page,missing_scope; missing_equipment_spec,"44,145",true
CAD-147,IB2024-I04-006,BMS,riser,依 4.2.6 水資源流向監測與管理 建立 riser 草稿，僅標示需求來源與待確認欄位，不自行決定點位數量或設備位置。,需求書條文、建築平面/昇位底圖、設備清單、系統邊界、整合介面、送審階段,riser 草稿或佐證文件清單，附 rule_id 與 source_page,missing_scope; missing_evidence_document,"44-45,146",true
CAD-148,IB2024-I04-006,BMS,system_diagram,依 4.2.6 水資源流向監測與管理 建立 system_diagram 草稿，僅標示需求來源與待確認欄位，不自行決定點位數量或設備位置。,需求書條文、建築平面/昇位底圖、設備清單、系統邊界、整合介面、送審階段,system_diagram 草稿或佐證文件清單，附 rule_id 與 source_page,missing_scope; missing_evidence_document,"44-45,146",true
CAD-149,IB2024-I04-006,BMS,io_point_schedule,依 4.2.6 水資源流向監測與管理 建立 io_point_schedule 草稿，僅標示需求來源與待確認欄位，不自行決定點位數量或設備位置。,需求書條文、建築平面/昇位底圖、設備清單、系統邊界、整合介面、送審階段,io_point_schedule 草稿或佐證文件清單，附 rule_id 與 source_page,missing_scope; missing_evidence_document,"44-45,146",true
CAD-150,IB2024-I04-007,EMS,system_diagram,依 4.2.7 綠能技術 建立 system_diagram 草稿，僅標示需求來源與待確認欄位，不自行決定點位數量或設備位置。,需求書條文、建築平面/昇位底圖、設備清單、系統邊界、整合介面、送審階段,system_diagram 草稿或佐證文件清單，附 rule_id 與 source_page,missing_equipment_spec; missing_integration_interface,"45,147",true
CAD-151,IB2024-I04-007,EMS,io_point_schedule,依 4.2.7 綠能技術 建立 io_point_schedule 草稿，僅標示需求來源與待確認欄位，不自行決定點位數量或設備位置。,需求書條文、建築平面/昇位底圖、設備清單、系統邊界、整合介面、送審階段,io_point_schedule 草稿或佐證文件清單，附 rule_id 與 source_page,missing_equipment_spec; missing_integration_interface,"45,147",true
CAD-152,IB2024-I04-007,EMS,evidence_doc,依 4.2.7 綠能技術 建立 evidence_doc 草稿，僅標示需求來源與待確認欄位，不自行決定點位數量或設備位置。,需求書條文、建築平面/昇位底圖、設備清單、系統邊界、整合介面、送審階段,evidence_doc 草稿或佐證文件清單，附 rule_id 與 source_page,missing_equipment_spec; missing_integration_interface,"45,147",true
CAD-153,IB2024-I04-008,EMS,system_diagram,依 4.3.1 能源視覺化監視 建立 system_diagram 草稿，僅標示需求來源與待確認欄位，不自行決定點位數量或設備位置。,需求書條文、建築平面/昇位底圖、設備清單、系統邊界、整合介面、送審階段,system_diagram 草稿或佐證文件清單，附 rule_id 與 source_page,missing_integration_interface; missing_evidence_document,"45-46,147-148",true
CAD-154,IB2024-I04-008,EMS,io_point_schedule,依 4.3.1 能源視覺化監視 建立 io_point_schedule 草稿，僅標示需求來源與待確認欄位，不自行決定點位數量或設備位置。,需求書條文、建築平面/昇位底圖、設備清單、系統邊界、整合介面、送審階段,io_point_schedule 草稿或佐證文件清單，附 rule_id 與 source_page,missing_integration_interface; missing_evidence_document,"45-46,147-148",true
CAD-155,IB2024-I04-008,EMS,evidence_doc,依 4.3.1 能源視覺化監視 建立 evidence_doc 草稿，僅標示需求來源與待確認欄位，不自行決定點位數量或設備位置。,需求書條文、建築平面/昇位底圖、設備清單、系統邊界、整合介面、送審階段,evidence_doc 草稿或佐證文件清單，附 rule_id 與 source_page,missing_integration_interface; missing_evidence_document,"45-46,147-148",true
CAD-156,IB2024-I04-009,EMS,system_diagram,依 4.3.2 空調效能持續監測與紀錄 建立 system_diagram 草稿，僅標示需求來源與待確認欄位，不自行決定點位數量或設備位置。,需求書條文、建築平面/昇位底圖、設備清單、系統邊界、整合介面、送審階段,system_diagram 草稿或佐證文件清單，附 rule_id 與 source_page,missing_testing_requirement; missing_equipment_spec,"46,148-149",true
CAD-157,IB2024-I04-009,EMS,io_point_schedule,依 4.3.2 空調效能持續監測與紀錄 建立 io_point_schedule 草稿，僅標示需求來源與待確認欄位，不自行決定點位數量或設備位置。,需求書條文、建築平面/昇位底圖、設備清單、系統邊界、整合介面、送審階段,io_point_schedule 草稿或佐證文件清單，附 rule_id 與 source_page,missing_testing_requirement; missing_equipment_spec,"46,148-149",true
CAD-158,IB2024-I04-009,EMS,evidence_doc,依 4.3.2 空調效能持續監測與紀錄 建立 evidence_doc 草稿，僅標示需求來源與待確認欄位，不自行決定點位數量或設備位置。,需求書條文、建築平面/昇位底圖、設備清單、系統邊界、整合介面、送審階段,evidence_doc 草稿或佐證文件清單，附 rule_id 與 source_page,missing_testing_requirement; missing_equipment_spec,"46,148-149",true
CAD-159,IB2024-I04-010,EMS,system_diagram,依 4.3.3 智慧需量控制 建立 system_diagram 草稿，僅標示需求來源與待確認欄位，不自行決定點位數量或設備位置。,需求書條文、建築平面/昇位底圖、設備清單、系統邊界、整合介面、送審階段,system_diagram 草稿或佐證文件清單，附 rule_id 與 source_page,missing_integration_interface; missing_testing_requirement,"46-47,149",true
CAD-160,IB2024-I04-010,EMS,io_point_schedule,依 4.3.3 智慧需量控制 建立 io_point_schedule 草稿，僅標示需求來源與待確認欄位，不自行決定點位數量或設備位置。,需求書條文、建築平面/昇位底圖、設備清單、系統邊界、整合介面、送審階段,io_point_schedule 草稿或佐證文件清單，附 rule_id 與 source_page,missing_integration_interface; missing_testing_requirement,"46-47,149",true
CAD-161,IB2024-I04-010,EMS,evidence_doc,依 4.3.3 智慧需量控制 建立 evidence_doc 草稿，僅標示需求來源與待確認欄位，不自行決定點位數量或設備位置。,需求書條文、建築平面/昇位底圖、設備清單、系統邊界、整合介面、送審階段,evidence_doc 草稿或佐證文件清單，附 rule_id 與 source_page,missing_integration_interface; missing_testing_requirement,"46-47,149",true
CAD-162,IB2024-I04-011,EMS,system_diagram,依 4.3.4 用電資訊視覺化顯示 建立 system_diagram 草稿，僅標示需求來源與待確認欄位，不自行決定點位數量或設備位置。,需求書條文、建築平面/昇位底圖、設備清單、系統邊界、整合介面、送審階段,system_diagram 草稿或佐證文件清單，附 rule_id 與 source_page,missing_scope; missing_evidence_document,"47-48,150",true
CAD-163,IB2024-I04-011,EMS,io_point_schedule,依 4.3.4 用電資訊視覺化顯示 建立 io_point_schedule 草稿，僅標示需求來源與待確認欄位，不自行決定點位數量或設備位置。,需求書條文、建築平面/昇位底圖、設備清單、系統邊界、整合介面、送審階段,io_point_schedule 草稿或佐證文件清單，附 rule_id 與 source_page,missing_scope; missing_evidence_document,"47-48,150",true
CAD-164,IB2024-I04-012,EMS,system_diagram,依 4.3.5 智慧用電管理 建立 system_diagram 草稿，僅標示需求來源與待確認欄位，不自行決定點位數量或設備位置。,需求書條文、建築平面/昇位底圖、設備清單、系統邊界、整合介面、送審階段,system_diagram 草稿或佐證文件清單，附 rule_id 與 source_page,missing_integration_interface; missing_testing_requirement,"48,150",true
CAD-165,IB2024-I04-012,EMS,io_point_schedule,依 4.3.5 智慧用電管理 建立 io_point_schedule 草稿，僅標示需求來源與待確認欄位，不自行決定點位數量或設備位置。,需求書條文、建築平面/昇位底圖、設備清單、系統邊界、整合介面、送審階段,io_point_schedule 草稿或佐證文件清單，附 rule_id 與 source_page,missing_integration_interface; missing_testing_requirement,"48,150",true
CAD-166,IB2024-I04-012,EMS,evidence_doc,依 4.3.5 智慧用電管理 建立 evidence_doc 草稿，僅標示需求來源與待確認欄位，不自行決定點位數量或設備位置。,需求書條文、建築平面/昇位底圖、設備清單、系統邊界、整合介面、送審階段,evidence_doc 草稿或佐證文件清單，附 rule_id 與 source_page,missing_integration_interface; missing_testing_requirement,"48,150",true
CAD-167,IB2024-I04-013,EMS,evidence_doc,依 4.3.6 能源流向有效管理 建立 evidence_doc 草稿，僅標示需求來源與待確認欄位，不自行決定點位數量或設備位置。,需求書條文、建築平面/昇位底圖、設備清單、系統邊界、整合介面、送審階段,evidence_doc 草稿或佐證文件清單，附 rule_id 與 source_page,missing_evidence_document,"48-49,150-151",true
CAD-168,IB2024-I04-013,EMS,system_diagram,依 4.3.6 能源流向有效管理 建立 system_diagram 草稿，僅標示需求來源與待確認欄位，不自行決定點位數量或設備位置。,需求書條文、建築平面/昇位底圖、設備清單、系統邊界、整合介面、送審階段,system_diagram 草稿或佐證文件清單，附 rule_id 與 source_page,missing_evidence_document,"48-49,150-151",true
CAD-169,IB2024-I05-001,IAQ,layout,依 5.1.1.1 熱環境及二氧化碳濃度狀態偵知 建立 layout 草稿，僅標示需求來源與待確認欄位，不自行決定點位數量或設備位置。,需求書條文、建築平面/昇位底圖、設備清單、系統邊界、整合介面、送審階段,layout 草稿或佐證文件清單，附 rule_id 與 source_page,missing_scope; missing_equipment_spec,"50,157",true
CAD-170,IB2024-I05-001,IAQ,io_point_schedule,依 5.1.1.1 熱環境及二氧化碳濃度狀態偵知 建立 io_point_schedule 草稿，僅標示需求來源與待確認欄位，不自行決定點位數量或設備位置。,需求書條文、建築平面/昇位底圖、設備清單、系統邊界、整合介面、送審階段,io_point_schedule 草稿或佐證文件清單，附 rule_id 與 source_page,missing_scope; missing_equipment_spec,"50,157",true
CAD-171,IB2024-I05-002,IAQ,layout,依 5.1.1.2 空氣品質、光環境、水環境或室外環境狀態偵知 建立 layout 草稿，僅標示需求來源與待確認欄位，不自行決定點位數量或設備位置。,需求書條文、建築平面/昇位底圖、設備清單、系統邊界、整合介面、送審階段,layout 草稿或佐證文件清單，附 rule_id 與 source_page,missing_equipment_spec; missing_scope,"51-52,158-159",true
CAD-172,IB2024-I05-002,IAQ,io_point_schedule,依 5.1.1.2 空氣品質、光環境、水環境或室外環境狀態偵知 建立 io_point_schedule 草稿，僅標示需求來源與待確認欄位，不自行決定點位數量或設備位置。,需求書條文、建築平面/昇位底圖、設備清單、系統邊界、整合介面、送審階段,io_point_schedule 草稿或佐證文件清單，附 rule_id 與 source_page,missing_equipment_spec; missing_scope,"51-52,158-159",true
CAD-173,IB2024-I05-003,IAQ,system_diagram,依 5.1.2.1 溫熱環境資訊顯示 建立 system_diagram 草稿，僅標示需求來源與待確認欄位，不自行決定點位數量或設備位置。,需求書條文、建築平面/昇位底圖、設備清單、系統邊界、整合介面、送審階段,system_diagram 草稿或佐證文件清單，附 rule_id 與 source_page,missing_integration_interface,"52,159",true
CAD-174,IB2024-I05-003,IAQ,evidence_doc,依 5.1.2.1 溫熱環境資訊顯示 建立 evidence_doc 草稿，僅標示需求來源與待確認欄位，不自行決定點位數量或設備位置。,需求書條文、建築平面/昇位底圖、設備清單、系統邊界、整合介面、送審階段,evidence_doc 草稿或佐證文件清單，附 rule_id 與 source_page,missing_integration_interface,"52,159",true
CAD-175,IB2024-I05-004,IAQ,system_diagram,依 5.1.2.2 空氣品質環境資訊顯示 建立 system_diagram 草稿，僅標示需求來源與待確認欄位，不自行決定點位數量或設備位置。,需求書條文、建築平面/昇位底圖、設備清單、系統邊界、整合介面、送審階段,system_diagram 草稿或佐證文件清單，附 rule_id 與 source_page,missing_integration_interface,"52-53,159-160",true
CAD-176,IB2024-I05-004,IAQ,evidence_doc,依 5.1.2.2 空氣品質環境資訊顯示 建立 evidence_doc 草稿，僅標示需求來源與待確認欄位，不自行決定點位數量或設備位置。,需求書條文、建築平面/昇位底圖、設備清單、系統邊界、整合介面、送審階段,evidence_doc 草稿或佐證文件清單，附 rule_id 與 source_page,missing_integration_interface,"52-53,159-160",true
CAD-177,IB2024-I05-005,SENSOR,system_diagram,依 5.1.2.3 光環境資訊顯示 建立 system_diagram 草稿，僅標示需求來源與待確認欄位，不自行決定點位數量或設備位置。,需求書條文、建築平面/昇位底圖、設備清單、系統邊界、整合介面、送審階段,system_diagram 草稿或佐證文件清單，附 rule_id 與 source_page,missing_integration_interface,"53,160",true
CAD-178,IB2024-I05-005,SENSOR,evidence_doc,依 5.1.2.3 光環境資訊顯示 建立 evidence_doc 草稿，僅標示需求來源與待確認欄位，不自行決定點位數量或設備位置。,需求書條文、建築平面/昇位底圖、設備清單、系統邊界、整合介面、送審階段,evidence_doc 草稿或佐證文件清單，附 rule_id 與 source_page,missing_integration_interface,"53,160",true
CAD-179,IB2024-I05-006,SENSOR,system_diagram,依 5.1.2.4 水環境資訊顯示 建立 system_diagram 草稿，僅標示需求來源與待確認欄位，不自行決定點位數量或設備位置。,需求書條文、建築平面/昇位底圖、設備清單、系統邊界、整合介面、送審階段,system_diagram 草稿或佐證文件清單，附 rule_id 與 source_page,missing_integration_interface,"53-54,160",true
CAD-180,IB2024-I05-006,SENSOR,evidence_doc,依 5.1.2.4 水環境資訊顯示 建立 evidence_doc 草稿，僅標示需求來源與待確認欄位，不自行決定點位數量或設備位置。,需求書條文、建築平面/昇位底圖、設備清單、系統邊界、整合介面、送審階段,evidence_doc 草稿或佐證文件清單，附 rule_id 與 source_page,missing_integration_interface,"53-54,160",true
CAD-181,IB2024-I05-007,IAQ,system_diagram,依 5.1.3.1 溫熱或空氣品質控制設施連動控制 建立 system_diagram 草稿，僅標示需求來源與待確認欄位，不自行決定點位數量或設備位置。,需求書條文、建築平面/昇位底圖、設備清單、系統邊界、整合介面、送審階段,system_diagram 草稿或佐證文件清單，附 rule_id 與 source_page,missing_integration_interface; missing_testing_requirement,"54,161",true
CAD-182,IB2024-I05-007,IAQ,layout,依 5.1.3.1 溫熱或空氣品質控制設施連動控制 建立 layout 草稿，僅標示需求來源與待確認欄位，不自行決定點位數量或設備位置。,需求書條文、建築平面/昇位底圖、設備清單、系統邊界、整合介面、送審階段,layout 草稿或佐證文件清單，附 rule_id 與 source_page,missing_integration_interface; missing_testing_requirement,"54,161",true
CAD-183,IB2024-I05-007,IAQ,io_point_schedule,依 5.1.3.1 溫熱或空氣品質控制設施連動控制 建立 io_point_schedule 草稿，僅標示需求來源與待確認欄位，不自行決定點位數量或設備位置。,需求書條文、建築平面/昇位底圖、設備清單、系統邊界、整合介面、送審階段,io_point_schedule 草稿或佐證文件清單，附 rule_id 與 source_page,missing_integration_interface; missing_testing_requirement,"54,161",true
CAD-184,IB2024-I05-008,SENSOR,system_diagram,依 5.1.3.2 光環境控制設施連動控制 建立 system_diagram 草稿，僅標示需求來源與待確認欄位，不自行決定點位數量或設備位置。,需求書條文、建築平面/昇位底圖、設備清單、系統邊界、整合介面、送審階段,system_diagram 草稿或佐證文件清單，附 rule_id 與 source_page,missing_integration_interface,"54,161",true
CAD-185,IB2024-I05-008,SENSOR,layout,依 5.1.3.2 光環境控制設施連動控制 建立 layout 草稿，僅標示需求來源與待確認欄位，不自行決定點位數量或設備位置。,需求書條文、建築平面/昇位底圖、設備清單、系統邊界、整合介面、送審階段,layout 草稿或佐證文件清單，附 rule_id 與 source_page,missing_integration_interface,"54,161",true
CAD-186,IB2024-I05-009,SENSOR,layout,依 5.2.1.3 降低病毒入侵風險設施 建立 layout 草稿，僅標示需求來源與待確認欄位，不自行決定點位數量或設備位置。,需求書條文、建築平面/昇位底圖、設備清單、系統邊界、整合介面、送審階段,layout 草稿或佐證文件清單，附 rule_id 與 source_page,missing_equipment_spec; missing_scope,"56,163",true
CAD-187,IB2024-I05-009,SENSOR,system_diagram,依 5.2.1.3 降低病毒入侵風險設施 建立 system_diagram 草稿，僅標示需求來源與待確認欄位，不自行決定點位數量或設備位置。,需求書條文、建築平面/昇位底圖、設備清單、系統邊界、整合介面、送審階段,system_diagram 草稿或佐證文件清單，附 rule_id 與 source_page,missing_equipment_spec; missing_scope,"56,163",true
CAD-188,IB2024-I05-010,SENSOR,layout,依 5.2.1.4 非接觸性設備 建立 layout 草稿，僅標示需求來源與待確認欄位，不自行決定點位數量或設備位置。,需求書條文、建築平面/昇位底圖、設備清單、系統邊界、整合介面、送審階段,layout 草稿或佐證文件清單，附 rule_id 與 source_page,missing_equipment_spec,"56,164",true
CAD-189,IB2024-I05-010,SENSOR,system_diagram,依 5.2.1.4 非接觸性設備 建立 system_diagram 草稿，僅標示需求來源與待確認欄位，不自行決定點位數量或設備位置。,需求書條文、建築平面/昇位底圖、設備清單、系統邊界、整合介面、送審階段,system_diagram 草稿或佐證文件清單，附 rule_id 與 source_page,missing_equipment_spec,"56,164",true
CAD-190,IB2024-I05-011,SENSOR,layout,依 5.2.1.5 自我保護智慧化措施 建立 layout 草稿，僅標示需求來源與待確認欄位，不自行決定點位數量或設備位置。,需求書條文、建築平面/昇位底圖、設備清單、系統邊界、整合介面、送審階段,layout 草稿或佐證文件清單，附 rule_id 與 source_page,missing_scope; missing_equipment_spec,"57,164",true
CAD-191,IB2024-I05-011,SENSOR,system_diagram,依 5.2.1.5 自我保護智慧化措施 建立 system_diagram 草稿，僅標示需求來源與待確認欄位，不自行決定點位數量或設備位置。,需求書條文、建築平面/昇位底圖、設備清單、系統邊界、整合介面、送審階段,system_diagram 草稿或佐證文件清單，附 rule_id 與 source_page,missing_scope; missing_equipment_spec,"57,164",true
CAD-192,IB2024-I05-012,BMS,system_diagram,依 5.2.2.1 照護服務設施設備或系統平台 建立 system_diagram 草稿，僅標示需求來源與待確認欄位，不自行決定點位數量或設備位置。,需求書條文、建築平面/昇位底圖、設備清單、系統邊界、整合介面、送審階段,system_diagram 草稿或佐證文件清單，附 rule_id 與 source_page,missing_scope,"58,165",true
CAD-193,IB2024-I05-012,BMS,evidence_doc,依 5.2.2.1 照護服務設施設備或系統平台 建立 evidence_doc 草稿，僅標示需求來源與待確認欄位，不自行決定點位數量或設備位置。,需求書條文、建築平面/昇位底圖、設備清單、系統邊界、整合介面、送審階段,evidence_doc 草稿或佐證文件清單，附 rule_id 與 source_page,missing_scope,"58,165",true
CAD-194,IB2024-I05-013,BMS,system_diagram,依 5.2.2.2 遠距照護服務系統 建立 system_diagram 草稿，僅標示需求來源與待確認欄位，不自行決定點位數量或設備位置。,需求書條文、建築平面/昇位底圖、設備清單、系統邊界、整合介面、送審階段,system_diagram 草稿或佐證文件清單，附 rule_id 與 source_page,missing_scope,"58,165",true
CAD-195,IB2024-I05-013,BMS,evidence_doc,依 5.2.2.2 遠距照護服務系統 建立 evidence_doc 草稿，僅標示需求來源與待確認欄位，不自行決定點位數量或設備位置。,需求書條文、建築平面/昇位底圖、設備清單、系統邊界、整合介面、送審階段,evidence_doc 草稿或佐證文件清單，附 rule_id 與 source_page,missing_scope,"58,165",true
CAD-196,IB2024-I05-014,BMS,system_diagram,依 5.3.1.1 便利生活整合性應用服務 建立 system_diagram 草稿，僅標示需求來源與待確認欄位，不自行決定點位數量或設備位置。,需求書條文、建築平面/昇位底圖、設備清單、系統邊界、整合介面、送審階段,system_diagram 草稿或佐證文件清單，附 rule_id 與 source_page,missing_scope; missing_integration_interface,"59,166",true
CAD-197,IB2024-I05-014,BMS,evidence_doc,依 5.3.1.1 便利生活整合性應用服務 建立 evidence_doc 草稿，僅標示需求來源與待確認欄位，不自行決定點位數量或設備位置。,需求書條文、建築平面/昇位底圖、設備清單、系統邊界、整合介面、送審階段,evidence_doc 草稿或佐證文件清單，附 rule_id 與 source_page,missing_scope; missing_integration_interface,"59,166",true
CAD-198,IB2024-I05-015,BMS,system_diagram,依 5.3.1.2 個人化提醒服務 建立 system_diagram 草稿，僅標示需求來源與待確認欄位，不自行決定點位數量或設備位置。,需求書條文、建築平面/昇位底圖、設備清單、系統邊界、整合介面、送審階段,system_diagram 草稿或佐證文件清單，附 rule_id 與 source_page,missing_integration_interface,"59-60,166",true
CAD-199,IB2024-I05-015,BMS,evidence_doc,依 5.3.1.2 個人化提醒服務 建立 evidence_doc 草稿，僅標示需求來源與待確認欄位，不自行決定點位數量或設備位置。,需求書條文、建築平面/昇位底圖、設備清單、系統邊界、整合介面、送審階段,evidence_doc 草稿或佐證文件清單，附 rule_id 與 source_page,missing_integration_interface,"59-60,166",true
CAD-200,IB2024-I05-016,BMS,system_diagram,依 5.3.2.2 個別化主動調適服務 建立 system_diagram 草稿，僅標示需求來源與待確認欄位，不自行決定點位數量或設備位置。,需求書條文、建築平面/昇位底圖、設備清單、系統邊界、整合介面、送審階段,system_diagram 草稿或佐證文件清單，附 rule_id 與 source_page,missing_scope; missing_integration_interface,"60,167",true
CAD-201,IB2024-I05-016,BMS,io_point_schedule,依 5.3.2.2 個別化主動調適服務 建立 io_point_schedule 草稿，僅標示需求來源與待確認欄位，不自行決定點位數量或設備位置。,需求書條文、建築平面/昇位底圖、設備清單、系統邊界、整合介面、送審階段,io_point_schedule 草稿或佐證文件清單，附 rule_id 與 source_page,missing_scope; missing_integration_interface,"60,167",true
CAD-202,IB2024-I06-001,BMS,system_diagram,依 6.1.1 智慧創新設計手法、設備或系統 建立 system_diagram 草稿，僅標示需求來源與待確認欄位，不自行決定點位數量或設備位置。,需求書條文、建築平面/昇位底圖、設備清單、系統邊界、整合介面、送審階段,system_diagram 草稿或佐證文件清單，附 rule_id 與 source_page,missing_evidence_document,"61,173",true
CAD-203,IB2024-I06-001,BMS,evidence_doc,依 6.1.1 智慧創新設計手法、設備或系統 建立 evidence_doc 草稿，僅標示需求來源與待確認欄位，不自行決定點位數量或設備位置。,需求書條文、建築平面/昇位底圖、設備清單、系統邊界、整合介面、送審階段,evidence_doc 草稿或佐證文件清單，附 rule_id 與 source_page,missing_evidence_document,"61,173",true
CAD-204,IB2024-I06-002,SENSOR,layout,依 6.3.1 採用智慧建材 建立 layout 草稿，僅標示需求來源與待確認欄位，不自行決定點位數量或設備位置。,需求書條文、建築平面/昇位底圖、設備清單、系統邊界、整合介面、送審階段,layout 草稿或佐證文件清單，附 rule_id 與 source_page,missing_equipment_spec,"63,176",true
CAD-205,IB2024-I06-002,SENSOR,evidence_doc,依 6.3.1 採用智慧建材 建立 evidence_doc 草稿，僅標示需求來源與待確認欄位，不自行決定點位數量或設備位置。,需求書條文、建築平面/昇位底圖、設備清單、系統邊界、整合介面、送審階段,evidence_doc 草稿或佐證文件清單，附 rule_id 與 source_page,missing_equipment_spec,"63,176",true
CAD-206,IB2024-I06-003,BMS,evidence_doc,依 6.4.1 採用資料格式標準 建立 evidence_doc 草稿，僅標示需求來源與待確認欄位，不自行決定點位數量或設備位置。,需求書條文、建築平面/昇位底圖、設備清單、系統邊界、整合介面、送審階段,evidence_doc 草稿或佐證文件清單，附 rule_id 與 source_page,missing_integration_interface; missing_evidence_document,"64,177",true
CAD-207,IB2024-I06-004,BMS,system_diagram,依 6.5.1 採用智慧管理雲平台 建立 system_diagram 草稿，僅標示需求來源與待確認欄位，不自行決定點位數量或設備位置。,需求書條文、建築平面/昇位底圖、設備清單、系統邊界、整合介面、送審階段,system_diagram 草稿或佐證文件清單，附 rule_id 與 source_page,missing_system_boundary; missing_integration_interface,"64-65,178",true
CAD-208,IB2024-I06-004,BMS,evidence_doc,依 6.5.1 採用智慧管理雲平台 建立 evidence_doc 草稿，僅標示需求來源與待確認欄位，不自行決定點位數量或設備位置。,需求書條文、建築平面/昇位底圖、設備清單、系統邊界、整合介面、送審階段,evidence_doc 草稿或佐證文件清單，附 rule_id 與 source_page,missing_system_boundary; missing_integration_interface,"64-65,178",true
